raw,canonical
C,C-ungrouped
C1-ung,C-ungrouped
C1/2-ung,C-ungrouped
C2,C-ungrouped
C2-ung,C-ungrouped
C3-ung,C-ungrouped
C3.0-ung,C-ungrouped
C3/4-ung,C-ungrouped
C4,C-ungrouped
C4-ung,C-ungrouped
C4/5,C-ungrouped
C5/6-ung,C-ungrouped
C6,C-ungrouped
Tagish Lake,C-ungrouped
CB,CB
CBa,CB
CBb,CB
CH,CH
CH/CBb,CH
CH3,CH
Chondrite-fusion crust,CH
Chondrite-ung,CH
CI,CI
CI1,CI
CK,CK
CK3,CK
CK3-an,CK
CK3.8,CK
CK3/4,CK
CK4,CK
CK4-an,CK
CK4/5,CK
CK5,CK
CK5/6,CK
CK6,CK
CM,CM
CM-an,CM
CM1,CM
CM1/2,CM
CM2,CM
CM2-an,CM
cm,CM
CO3,CO
CO3.0,CO
CO3.1,CO
CO3.2,CO
CO3.3,CO
CO3.4,CO
CO3.5,CO
CO3.6,CO
CO3.7,CO
CO3.8,CO
CR,CR
CR-an,CR
CR1,CR
CR2,CR
CR2-an,CR
CR7,CR
CV2,CV
CV3,CV
CV3-an,CV
CV7,CV
E,E
E3,E
E3-an,E
E4,E
E5,E
E5-an,E
E6,E
Enst achon,E
Enst achon-ung,E
EH,EH
EH-imp melt,EH
EH3,EH
EH3/4-an,EH
EH4,EH
EH4/5,EH
EH5,EH
EH6,EH
EH6-an,EH
EH7,EH
EH7-an,EH
EL,EL
EL-melt rock,EL
EL3,EL
EL3/4,EL
EL4,EL
EL4/5,EL
EL5,EL
EL6,EL
EL6/7,EL
EL7,EL
El,EL
H,H
H-an,H
H-imp melt,H
H-melt breccia,H
H-melt rock,H
H-metal,H
H3,H
H3-4,H
H3-5,H
H3-6,H
H3-an,H
H3.0,H
H3.0-3.4,H
H3.05,H
H3.1,H
H3.10,H
H3.15,H
H3.2,H
H3.2-3.7,H
H3.2-6,H
H3.2-an,H
H3.3,H
H3.4,H
H3.4-5,H
H3.4/3.5,H
H3.5,H
H3.5-4,H
H3.6,H
H3.6-6,H
H3.7,H
H3.7-5,H
H3.7-6,H
H3.7/3.8,H
H3.8,H
H3.8-4,H
H3.8-5,H
H3.8-6,H
H3.8-an,H
H3.8/3.9,H
H3.8/4,H
H3.9,H
H3.9-5,H
H3.9-6,H
H3.9/4,H
H3/4,H
H4,H
H4(?),H
H4-5,H
H4-6,H
H4-an,H
H4-melt breccia,H
H4/5,H
H4/6,H
H5,H
H5-6,H
H5-7,H
H5-an,H
H5-melt breccia,H
H5/6,H
H6,H
H6-melt breccia,H
H6/7,H
H7,H
K,K
K3,K
L,L
L-imp melt,L
L-melt breccia,L
L-melt rock,L
L-metal,L
L3,L
L3-4,L
L3-5,L
L3-6,L
L3-7,L
L3-melt breccia,L
L3.0,L
L3.0-3.7,L
L3.0-3.9,L
L3.00,L
L3.05,L
L3.1,L
L3.10,L
L3.2,L
L3.2-3.5,L
L3.2-3.6,L
L3.3,L
L3.3-3.5,L
L3.3-3.6,L
L3.3-3.7,L
L3.4,L
L3.4-3.7,L
L3.5,L
L3.5-3.7,L
L3.5-3.8,L
L3.5-3.9,L
L3.5-5,L
L3.6,L
L3.6-4,L
L3.7,L
L3.7-3.9,L
L3.7-4,L
L3.7-6,L
L3.7/3.8,L
L3.8,L
L3.8-5,L
L3.8-6,L
L3.8-an,L
L3.9,L
L3.9-5,L
L3.9-6,L
L3.9/4,L
L3/4,L
L4,L
L4-5,L
L4-6,L
L4-an,L
L4-melt breccia,L
L4-melt rock,L
L4/5,L
L5,L
L5-6,L
L5-7,L
L5-melt breccia,L
L5/6,L
L6,L
L6-melt breccia,L
L6-melt rock,L
L6/7,L
L7,L
L/LL4,LL
L/LL5,LL
LL,LL
LL-imp melt,LL
LL-melt breccia,LL
LL-melt rock,LL
LL3,LL
LL3-4,LL
LL3-5,LL
LL3-6,LL
LL3.0,LL
LL3.00,LL
LL3.05,LL
LL3.1,LL
LL3.1-3.5,LL
LL3.10,LL
LL3.15,LL
LL3.2,LL
LL3.3,LL
LL3.4,LL
LL3.5,LL
LL3.6,LL
LL3.7,LL
LL3.7-6,LL
LL3.8,LL
LL3.8-4,LL
LL3.8-6,LL
LL3.9,LL
LL3.9/4,LL
LL3/4,LL
LL4,LL
LL4-5,LL
LL4-6,LL
LL4/5,LL
LL4/6,LL
LL5,LL
LL5-6,LL
LL5-7,LL
LL5/6,LL
LL6,LL
LL6(?),LL
LL6-an,LL
LL6-melt breccia,LL
LL6/7,LL
LL7,LL
LL7(?),LL
H/L3,OC-ung
H/L3-4,OC-ung
H/L3.5,OC-ung
H/L3.6,OC-ung
H/L3.7,OC-ung
H/L3.9,OC-ung
H/L4,OC-ung
H/L4-5,OC-ung
H/L4/5,OC-ung
H/L5,OC-ung
H/L6,OC-ung
H/L6-melt rock,OC-ung
H/L~4,OC-ung
L/LL,OC-ung
L/LL(?)3,OC-ung
L/LL-melt rock,OC-ung
L/LL3,OC-ung
L/LL3-5,OC-ung
L/LL3-6,OC-ung
L/LL3.10,OC-ung
L/LL3.2,OC-ung
L/LL3.4,OC-ung
L/LL3.5,OC-ung
L/LL3.6/3.7,OC-ung
L/LL4-6,OC-ung
L/LL4/5,OC-ung
L/LL5-6,OC-ung
L/LL5/6,OC-ung
L/LL6,OC-ung
L/LL6-an,OC-ung
L/LL~4,OC-ung
L/LL~5,OC-ung
L/LL~6,OC-ung
OC,OC-ung
OC3,OC-ung
R,R
R3,R
R3-4,R
R3-5,R
R3-6,R
R3.4,R
R3.5-4,R
R3.5-6,R
R3.6,R
R3.7,R
R3.8,R
R3.8-5,R
R3.8-6,R
R3.9,R
R3/4,R
R4,R
R4/5,R
R5,R
R6,R
Angrite,angrite
Aubrite,aubrite
Aubrite-an,aubrite
aubrite,aubrite
Brachinite,brachinite
Diogenite,diogenite
Diogenite-an,diogenite
Diogenite-olivine,diogenite
Diogenite-pm,diogenite
diogenite,diogenite
Eucrite,eucrite
Eucrite-Mg rich,eucrite
Eucrite-an,eucrite
Eucrite-br,eucrite
Eucrite-cm,eucrite
Eucrite-mmict,eucrite
Eucrite-pmict,eucrite
Eucrite-unbr,eucrite
eucrite,eucrite
Howardite,howardite
Howardite-an,howardite
IA,iron
IIAB,iron
Iron,iron
"Iron, IAB complex",iron
"Iron, IAB-MG",iron
"Iron, IAB-an",iron
"Iron, IAB-sHH",iron
"Iron, IAB-sHL",iron
"Iron, IAB-sHL-an",iron
"Iron, IAB-sLH",iron
"Iron, IAB-sLL",iron
"Iron, IAB-sLM",iron
"Iron, IAB-ung",iron
"Iron, IAB?",iron
"Iron, IC",iron
"Iron, IC-an",iron
"Iron, IIAB",iron
"Iron, IIAB-an",iron
"Iron, IIC",iron
"Iron, IID",iron
"Iron, IID-an",iron
"Iron, IIE",iron
"Iron, IIE-an",iron
"Iron, IIE?",iron
"Iron, IIF",iron
"Iron, IIG",iron
"Iron, IIIAB",iron
"Iron, IIIAB-an",iron
"Iron, IIIAB?",iron
"Iron, IIIE",iron
"Iron, IIIE-an",iron
"Iron, IIIF",iron
"Iron, IVA",iron
"Iron, IVA-an",iron
"Iron, IVB",iron
"Iron, ungrouped",iron
Iron?,iron
Acapulcoite,lodranite-acapulcoite
Acapulcoite/Lodranite,lodranite-acapulcoite
Acapulcoite/lodranite,lodranite-acapulcoite
Lodranite,lodranite-acapulcoite
Lodranite-an,lodranite-acapulcoite
Lunar,lunar-meteorite
Lunar (anorth),lunar-meteorite
Lunar (bas. breccia),lunar-meteorite
Lunar (bas/anor),lunar-meteorite
Lunar (bas/gab brec),lunar-meteorite
Lunar (basalt),lunar-meteorite
Lunar (feldsp. breccia),lunar-meteorite
Lunar (gabbro),lunar-meteorite
Lunar (norite),lunar-meteorite
Lunar Meteorite,lunar-meteorite
Martian,martian
Martian (OPX),martian
Martian (basaltic breccia),martian
Martian (chassignite),martian
Martian (nakhlite),martian
Martian (shergottite),martian
Shergottite,martian
Mesosiderite,mesosiderite
Mesosiderite-A,mesosiderite
Mesosiderite-A1,mesosiderite
Mesosiderite-A2,mesosiderite
Mesosiderite-A3,mesosiderite
Mesosiderite-A3/4,mesosiderite
Mesosiderite-A4,mesosiderite
Mesosiderite-B,mesosiderite
Mesosiderite-B1,mesosiderite
Mesosiderite-B2,mesosiderite
Mesosiderite-B4,mesosiderite
Mesosiderite-C,mesosiderite
Mesosiderite-C2,mesosiderite
Mesosiderite-an,mesosiderite
Mesosiderite?,mesosiderite
Pallasite,pallasite
"Pallasite, PES",pallasite
"Pallasite, PMG",pallasite
"Pallasite, PMG-an",pallasite
"Pallasite, ungrouped",pallasite
Pallasite?,pallasite
pallasite,pallasite
Ureilite,ureilite
Ureilite-an,ureilite
Ureilite-pmict,ureilite
ureilite,ureilite
Winonaite,winonaite
